unnamed:_0,job_title,company_name,industry,location,employment_type,salary_range,job_description,required_skills,key_skills,preffered_skills,experience_level,experience_required,language,education,application_link,posting_date,deadline,language_of_posting
1,Business-Oriented Bi And Data Analyst,Bunzl Nordic,safety equipment,2670 Greve,Hybrid work,,"Your duties will include:Development and maintenance of PowerBI reports and dashboards,
Gathering, analyzing and interpreting data from various sources to identify trends and patterns
Collaborate with business units to understand their needs and deliver tailored reporting solutions
Ensuring data quality and integrity throughout the reporting process
Training and support of users in understanding and using PowerBI solutions
Current controlling tasks
You will report to our Finance Manager and work closely with our Business Controller. Your biggest stakeholders will be sales, purchasing and management, but the entire business will have needs in the long term","PowerBI
DAX, SQL and data modeling
Strong analytical skills and ability to present complex data in an easy-to-understand manner
Ability to work independently and handle ""end-to-end"" processes
Communication skills and the ability to communicate technical issues clearly
Experience with business process optimization and automation","PowerBI, DAX, SQL, analytical skills",,,1-2 years,"English.
Danish",Not mentioned,https://dk.indeed.com/jobs?q=data+analyst&l=&from=searchOnDesktopSerp&vjk=80c1e339567e2187,2024-08-09,,Danish
2,Data Analyst/Power Bi Specialist Within Marketing Operations,Universal Robots,Robotics ,Odense,N/A,N/A,"Responsibilities: Extract and transform data from various sources e.g. SalesForce to prepare it for analysis.
Develop and maintain dashboards to showcase marketing performance metrics across product areas, pipeline, conversion rates, and value split by e.g. industry, geography, time etc.
Generate PowerBI reports with seamless integration into Excel for comprehensive data analysis and reporting.
Build Predictive Analysis reports to enable us to use our data proactively to build stronger plans
Build forecast model","5-8 years of experience from marketing analytics or related field
Proficiency in Power BI, SalesForce and Excel, with hands-on experience in developing marketing dashboards.
Key Competencies includes development of user-friendly dashboards and reports, data visualization and analysis, automating routine tasks and processes, creating data models and implementing best practices
Ability to work independently to identify and visualize relevant KPIs that align with business objectives. Demonstrated ability to gather, structure, and analyze complex data for reporting and visualization purposes
Skilled in collaborating with cross-functional teams and stakeholders to deliver data-driven insights and actionable recommendations
Strong analytical skills to gather and structure data effectively for reporting purposes and look for trends in the numbers we can use to scale our business.
Must be based in Denmark and be fluid in spoken and written English","PowerBI, SalesForce, Excel",,,5-8 years of experience from marketing analytics or related field,English,Not mentioned,https://jobs.teradyne.com/Universal-Robots/job/Odense-Data-AnalystPower-BI-specialist-within-Marketing-Operations-Sout/1204205900/,N/A,N/A,English
3,Junior Business Analyst To Large International Bank,International Bank,Finance,Copenhagen,Full time,,"Responsabilities: Data Analysis and Reporting: Perform regular data analysis using SQL and Python to generate reports on customer behavior, platform performance, and operational metrics
Stakeholder Coordination: Collaborate with internal teams and external stakeholders to support customer onboarding processes for complex products, ensuring smooth integration and user satisfaction
System Monitoring: Monitor and analyze the performance of trading and advisory platforms, identifying trends, issues, and opportunities for improvement
Technical Support: Assist with the implementation and configuration of software tools, and help troubleshoot technical issues, ensuring effective use of the client’s technology solutions","Someone with some experience as a business analyst in previous role, so you have an understanding of what the role entails. Someone with basic SQL and Python skills and understanding. Someone who is fluent in English both verbally and in writing. Someone with strong analytical and communicative skills.
Someone who is able to start ASAP and is located in Copenhagen, Denmark. Experience with using SQL and Python.
Fluency in Danish both in writing and verbally","Experience with using SQL and Python.
Fluency in Danish both in writing and verbally",,,,"English, Danish is a plus",,Junior Business Analyst to large international bank | Academic Work,N/A,,English
4,Business Analyst - Hr / Ta,Pandora,Jewery,Copenhagen,,,"Serve as a trusted business partner, providing support on various strategic deliverables
Creating Power Point presentations and business cases for the executive leadership team which are driving the global TA strategy
Building reporting dashboards by collecting, monitoring, and documenting key recruitment data globally, including KPI tracking
Support Talent Acquisition team projects and coordinate key recruitment initiatives
Provide administrative support, including invoice tracking, budget monitoring, and vendor processing
Manage the VP's schedule, including diary coordination and travel arrangements
Provide ad-hoc analysis and presentation support
Support stakeholder engagement and team activities
Perform additional tasks as required to support the Talent Acquisition team","A minimum of 2 years of relevant experience in a multinational environment, ideally in an analytical or project-based role.
Demonstrated proficiency in Microsoft Excel and PowerPoint, with a strong grasp of their advanced features and functionalities.
Exceptional organizational and multitasking abilities, with a proven track record of managing multiple priorities effectively.
Capability to work autonomously as well as collaboratively within a team, demonstrating both initiative and teamwork skills.
","A minimum of 2 years of relevant experience in a multinational environment, ideally in an analytical or project-based role.
Demonstrated proficiency in Microsoft Excel and PowerPoint, with a strong grasp of their advanced features and functionalities.
Exceptional organizational and multitasking abilities, with a proven track record of managing multiple priorities effectively.
Capability to work autonomously as well as collaboratively within a team, demonstrating both initiative and teamwork skills.
",,A minimum of 2 years of relevant experience in a multinational environment,,,,,N/A,,English
5,Junior Bi Analyst,Traffic Lab Aps,,Copenhagen,,,"Analyze data to identify patterns and trends, providing data-driven insights and recommendations
Collaborate with colleagues from different teams to understand business requirements
Monitor and ensure data quality, maintaining accuracy and completeness
Develop and maintain BI solutions to support business operations and strategic initiative
Participate in development projects.","Excellent analytical skills, driven by logic and evidence
Ability to draw conclusions and present recommendations
Proficient in Power BI and SQL
Experience with Python and Machine Learning is an advantage
Master’s degree in business or data science
Fluent in English, both written and spoken
A few years of experience in a similar position, or at the beginning of your career.
","Excellent analytical skills, driven by logic and evidence
Ability to draw conclusions and present recommendations
Proficient in PowerBI and SQL
Experience with Python and Machine Learning is an advantage
Master’s degree in business or data science
Fluent in English, both written and spoken
A few years of experience in a similar position, or at the beginning of your career.
",,,,,,,N/A,,English
6,"Senior Data Analyst, Commercial & Marketing",Trustpilot,Sofware,Copenhagen,Full-Time ,,"Delivering expert analytics and insights to different parts of the business, through both workstream-focused initiatives and ad-hoc inquiries
Picking the right solution for the problem you’ve got, from your arsenal of analytical tools and methods
Working closely with the Commercial/Marketing or Trust teams to understand their data and their goals to deliver awesome solutions
Presenting and promoting your work to the wider business, to enable data-inform choices
Mentoring and transferring knowledge to more junior team members","Deep knowledge of key analytical and statistical methodologies, such as model-based analyses (regression, clustering etc.), cohort analysis and A/B testing. as well as reporting best practices, leveraging BI tools (such as Looker, Tableau etc.)
Knowledge of reporting best practices and experience delivering actionable insights leveraging BI tools (such as Looker, Tableau etc.)
Experience in stakeholder and project management, with the knowledge to deliver results back to the business
Proficiency in R or Python, and awesome SQL skills
Familiarity with Airflow, DBT or similar tools used for building data pipelines
Advanced written and verbal communication skills
","model-based and cohort analyses,
BI tools( Looker, Tableau)
R/Python
Awesome SQL skills
Airflow, DBT ",,Senior,,,,"Senior Data Analyst, Commercial & Marketing",2024-08-20,,English
7,Business Analyst,Nhta,,Copenhagen,,,"As a student business analyst, you will be a part of our new operations team, where you’ll take part in executing projects essential to the growth of NHTA. Some weeks you’ll chose and setup a new system such as a CRM or updating our sales funnel. Other weeks you’ll identify new potential clients and generate business insights.
We anticipate that you will work approximately 15-20 hours per week. During those hours you’ll need to think as an “internal consultant” but execute as entrepreneur in some cases taking a business area from nothing to something. You will be based in our office in Copenhagen.","· Enrolled in a relevant Master’s program or in the final stage of a Bachelor's program in business administration/development or a similar management discipline or holding equivalent practical experience.
· Proficiency in data analysis and an ability to provide actional insights using data visualisation tools.
· Generate regular reports, and present findings to stakeholders, highlighting business performance, trends, and opportunities for optimisation.
· Experience working in Monday.com or similar work management systems.
· You are systematic, well-structured, and can work independently.
· Excellent communication skills in both written and spoken English.","Monday.com
data analysis",,"Student 
Entry",,,Enrolled in Master's,"
Business Analyst",2024-08-20,,English
8,Business Analyst For Simplification & Regulatory Change,Danske Bank,Finance,Copenhagen,Hybrid,,"The primary focus of this role is to enhance and simplify our risk assessment processes, to ensure efficient and accurate evaluation of potential non-financial risks associated with the bank’s operations.Your primary responsibility will be to support our Project Managers with analysis, investigation, to engage stakeholders across the bank to understand the risk assessment field and provide your view on the overall project together with your colleagues. Furthermore, your role is to:
Conduct comprehensive data analysis to support project objectives
Evaluate and map processes related to risk assessments
Facilitate effective dialogue and collaboration across the business unit and with key stakeholders, enhancing decision-making processes focused on value creation
Identify improvements in analytical processes and project management practices to enhance team efficiency and project outcomes.
Assist in managing project timelines, documentation, coordination of resources to ensure smooth project execution and monitoring project timelines and milestones.
Support defining, testing, and managing the development of solutions and improvements utilizing digital tools and AI.","You enjoy having a steep learning curve while developing a sound understanding of the business drivers in the financial sector. You are a structured, motivated and proactive person with the ability to work in a time-sensitive setting. Furthermore, it is beneficial to:
Have a good analytical mind-set and being capable of developing your own views on how to improve on projects
Excel at stakeholder management and take pride in ensuring smooth processes to enhance value creation 
Know your way around tools like Microsoft Excel and PowerPoint
Be able to carry out several tasks at the same time, flexible at peaks and you do your best to deliver high-quality results on deadlines
Great English skills both spoken and written
Most importantly, you want to make a difference
Additionally, you have a master’s degree in finance, economics or similar. Industry knowledge is beneficial, but not a requirement.","Microsoft Excel 
PowerPoint
English",,Senior,,Great English,"a master’s degree in finance, economics or similar",Business Analyst for Simplification & Regulatory Change,2024-08-20,03/09/2024,English
9,Business Analyst,Dxc Technology,,2500 Valby,Full Time,,"Implement new legislation behind the final tax on the annual statement.
Describe the business requirements in IT systems and participate in testing the solutions. We stick a finger in the ground at the business and analyze together to find the best solution. We test the system continuously to ensure that the system functions optimally and calculates correctly.
Map processes and prepare process documentation, which is continuously maintained.
Participate in internal and transversal business development projects, where, for example, we work on simplifying the tax calculation area.
Respond to inquiries about tax calculations. Contribute to system optimization and legislative preparation work. Some of the questions are quite tricky and we have to keep our tongues straight when answering.","has experience as a business analyst, possibly from working with an economic system
have a technical understanding so that you can translate the customer's requirements into a more technical ""language"" that developers and testers can work with
that you are prepared to participate in the task of testing system solutions
it is a clear advantage if you have experience in preparing process documentation or requirements specification
preferably have experience with Jira, Confluence and SQL
speaks and writes Danish and English fluently.
","Jira
Confluence
SQL",,,,"Danish
English fluently",,Business Analyst,2024-08-01,,English
10,Sustainability Analyst With An Interest In Climate,Jyske Bank,Finance,Silkeborg,Full Time,,"Develop and operate our climate initiatives.
Identify and analyze new action areas within climate.
Analyze progress and status on CO2 reduction targets.
In collaboration with colleagues across the organization, ensure efforts that meet targets for net-zero CO2 emissions.
Maintain and develop methods for calculating climate efforts.
Disseminate knowledge to colleagues about our climate efforts.
","motivated by working with an area in development where many tasks are being solved for the first time.
is analytically strong and able to translate complex issues into simple and comprehensible decision proposals.
is curious and can think of new possibilities and solutions.
able to work closely with other disciplines on the tasks and values ​​collaboration as the way to create value-creating solutions",none,,,,,,Sustainability Analyst with an interest in climate,2024-08-12,02/09/2024,English
11,Travel Technology Business Analyst,Bcd Travel,,Denmark/ virtual,Full Time,,"Analyze Solutions by
Meeting with operations and key contacts
Determining if the request conflicts with existing standards
Performing GDS hit/scan evaluation for the desired solution
Creating detailed requirements for development or configuration
Providing development team with requirements in JIRAs format
Assisting with elements required for design and programming (i.e.: PNRs, profiles)
Meeting with designers and developers to ensure design understanding
 
Schedule and manage deliverables to fulfill project scope by
Evaluating requirements for given requests and assisting with timeline and priority
Articulating opportunities and risks
Facilitating involvement of other BCD Travel departments to achieve goals
 
Focus on Documentation, including
Assisting in maintaining confluence or process flows where needed
Assisting in documenting solutions in release notes
Proactive review and update of product roadmap, project plan, and business case
Participating in logs for project work","Strong problem-solving and process reengineering skills 
Ability to handle medium and high-risk projects/accounts 
Extensive travel reservations & process experience 
Good command of English 
Experience working in any of the GDSs
Programming experience using GDS or non-industry languages (VB, JAVA, .net) ","Strong problem-solving and process reengineering skills 
Ability to handle medium and high-risk projects/accounts 
Extensive travel reservations & process experience 
Good command of English 
Experience working in any of the GDSs
Programming experience using GDS or non-industry languages (VB, JAVA, .net) ",,,,English,,https://jobs.bcdtravel.com/job/Travel-Technology-Business-Analyst/797684602/,N/A,18/08/2024,English
12,Qhse Supplier Performance Analyst,Orsted,,Copenhagen,Full Time,,"establishing and managing the QHSE Supplier Performance Management System
ensuring timely reporting to business stakeholders ensuring risk is effectively communicated with supporting data
supporting colleagues in generating the necessary background information for developing supplier improvement plans
investigating innovative ideas for capturing, storing. and disseminating supplier QHSE performance data
working with the business performance management teams to ensure supplier QHSE data is reflected in our established KPI landscape.","have strong working knowledge in QHSE performance management, incl. operational experience
have demonstrable skills in stakeholder management and communication with all levels of an organisation
have technical knowledge and skills in establishing and working with databases and reporting outputs in systems, such as PowerBI or similar
have a demonstrable ability to analyse and report data for driving QHSE excellence beyond reducing injury statistics and non-conformities
speak and write English fluently
preferably have experience with AI applications.",QHSE PowerBI AI applications,,,,English,,QHSE Supplier Performance Analyst,2024-08-21,,English
13,Data Engineers,Copenhagen Airports A/S (Cph),aviation services industry.,Copenhagen,Full Time,,"Develop and maintain data models (both conceptual and logical) that support business needs (Kimball)
Help define and implement best practices for data modeling and architecture
Work closely with data analysts and other stakeholders to understand their needs and ensure the data platform and deliverables support it
Ensure that the data platform meets security requirements and complies with relevant regulations
Evaluate and improve our tech stack and data deliverables so that we always have the most efficient and modern technologies and methods.","With your baggage, you probably have a relevant education and experience with one or more programming languages, such as Python, SQL, Java or others.","With your baggage, you probably have a relevant education and experience with one or more programming languages, such as Python, SQL, Java or others.",,,,,,https://www.jobteaser.com/da/job-offers/bb0103a0-791b-44b2-9cb1-fc3233ba6d40-copenhagen-airports-a-s-cph-data-engineers?utm_campaign=google_jobs_apply&utm_source=google_jobs_apply&utm_medium=organic,N/A,,Danish
14,Data Visualization Specialist,Pandora,Jewery,Copenhagen,Full Time,,"Working closely with your scrum team to design efficient, stable, and to-the-point products to drive commercial business value through reporting, self-service analytics and other data communication cases 
 Creating and maintaining high-quality and high-performance PowerBI reports and semantic models 
 Taking ownership of your products and continuously tracking stability, adoption, and impact 
 Ensuring that great user experiences are at the heart of all deliverables 
 Delivering self-service solutions for end-users and training them in their usage. 
 Working with stakeholders and end-users to assist with data-related technical challenges 
 Following best practices and existing guidelines but also challenging the status quo. ","Relevant education within Computer Science, Mathematics, Economics, Information Management, Statistics, or a related field. 
 At least 2 years of experience working with BI, data preparation, and visualization. 
 Experience from a global retail organization. 
 Experience with Power BI, DAX, Analysis Services, Tabular Editor, SSMS, Databricks, Power Automate, Power Apps, and Jira. 
 Experience in working with relational data sets using SQL and Tabular models. 
 High proficiency in English and ability to communicate at all levels of technical competence. 
 Agile mindset and experience with Scrum and agile ways of working. ","Relevant education within Computer Science, Mathematics, Economics, Information Management, Statistics, or a related field. 
 At least 2 years of experience working with BI, data preparation, and visualization. 
 Experience from a global retail organization. 
 Experience with PowerBI, DAX, Analysis Services, Tabular Editor, SSMS, Databricks, Power Automate, Power Apps, and Jira. 
 Experience in working with relational data sets using SQL and Tabular models. 
 High proficiency in English and ability to communicate at all levels of technical competence. 
 Agile mindset and experience with Scrum and agile ways of working. ",,,,,,https://www.linkedin.com/jobs/view/4008851991/?alternateChannel=search&refId=IllSVOlfsDynA9QBWNrWsg%3D%3D&trackingId=LaJxwaaj2OfTp1s%2B0NojSw%3D%3D,N/A,,English
15,Junior Data Analyst (Student),Dsb,Transportation,Copenhagen,Part-time,,"Collection and reporting on KPIs
Development of dashboards together with colleagues
Assistance to top management with data information
Maintenance of master data","has extensive knowledge of Excel and can use it effectively for data processing.
has knowledge of data structures and understands the importance of correct data handling.
is familiar with or willing to learn Power Query and Power BI, which will enhance your analytical capabilities.
can express yourself clearly in both Danish and English, as communication plays a significant role in all aspects of the job.","has extensive knowledge of Excel and can use it effectively for data processing.
has knowledge of data structures and understands the importance of correct data handling.
is familiar with or willing to learn Power Query and PowerBI, which will enhance your analytical capabilities.
can express yourself clearly in both Danish and English, as communication plays a significant role in all aspects of the job.",,,,Danish/ English,,https://www.linkedin.com/jobs/view/3996436123/?alternateChannel=search&refId=IllSVOlfsDynA9QBWNrWsg%3D%3D&trackingId=9aLG9%2FYu5Y6dHGRViZmrJw%3D%3D,N/A,,Danish
16,Data Analyst/Power Bi Specialist Within Marketing Operations,Ltimindtree,Technology ,Copenhagen,Part-time,," 

Work as an IT analyst Designer , Data Modeler and Data Analyst
Minimum 10 years of experience
Strong in SQL
Understanding business requirements and converting them to IT requirements
Participating conducting meetings with business BA or framework SME to capture requirements
Performing data and object level analysis for identifying IT solution More
Ability to write SQL Queries back track data
Description of knowledge and experience
Previous experience of banking and financial regulatory framework data models would be a huge plus
Experience of data analysis and modelling
Hands on experience of advanced SQL for query execution
Experience of Scrum Agile methodologies
Ability to understand data warehouse architecture
Ability to understand business requirements and translate them into technical design for development
Ability to understand data models from both business and technical perspective Logic Physical Symantec Layer
Ability to understand technology and technical perspectives RDMS Teradata Snowflake
Understanding of regulatory frameworks such as FINREP COREP etc
Experience and knowledge of financial regulatory reporting and data attributes
Ability to communicate effectively with both business stakeholders and IT experts
Supporting testers in root cause analysis of incidents",,N/A,,,,,,https://www.linkedin.com/jobs/view/4001577777/?alternateChannel=search&refId=IllSVOlfsDynA9QBWNrWsg%3D%3D&trackingId=CXo8KcSXT%2FbfoxNK11%2BLzg%3D%3D,N/A,,English
17,Business Data Analyst,Odiin Tech,Technology ,Remote,Freelancer,,"
Experienced Data Analyst
Strong expertise with reporting and PowerBI
Background knowledge of Data Security and compliance
Good stakeholder management/business facing skills
Fluent in English",,N/A,,,,,,https://www.linkedin.com/jobs/search/?currentJobId=3977764301&distance=25&geoId=104514075&keywords=data%20analyst&origin=JOBS_HOME_KEYWORD_HISTORY&refresh=true,N/A,,Eglish
18,Power Bi Specialist,Lundbeck,Pharma,Copenhagen,Full Time,,"Develop, publish, and schedule PowerBI reports and dashboards to meet business requirements. 
Advise the business on how to create data insights and implement best practices for data visualization and analytics. 
Collaborate with stakeholders to gather requirements and translate them into technical specifications. 
Create data models and establish connections to various data sources. 
Optimize PowerBI dashboards with a focus on usability and performance. 
Provide training and support to end-users on PowerBI tools and functionalities. 
Establish and maintain standards for PowerBI development and usage across the organization. 
Enable and promote self-service BI capabilities, empowering users to create their own reports. 
Stay updated with the latest PowerBI features and best practices. ","Proven experience as a Power BI Specialist or similar role. 
Strong proficiency in Power BI, including DAX and Power Query. 
Advanced analytical and problem-solving skills. 
Solid communication and collaboration skills. 
Capable of overseeing multiple assignments simultaneously and working on one’s own initiative. 
Advanced skills in designing user-friendly and visually appealing frontends for dashboards and reports. ","Experience with other BI tools (e.g., Qlik Cloud). 
Certification in PowerBI or related technologies. 
Experience with Power Platform tools such as Power Apps and Power Automate. 
Hands-on experience with SQL and theoretical knowledge of Kimball dimensional modeling or other data modeling techniques in the context of BI. 
Foundational knowledge of analytical engineering tools and practices such as GitHub and dbt, or other evidence of collaborating and communicating effectively with analytical or data engineering peers. ",,,,,,https://jobs.lundbeck/job/Copenhagen-Power-BI-Specialist-Dani/1113020401/?feedId=375733&utm_source=LinkedInJobPostings&utm_campaign=Lundbeck_LinkedIn,N/A,,English
19,Lead Data Analyst,Nord Group - A Genhive Partner,,Copenhagen,Employment or 6-month contract (to perm),,"Your main responsibilities will be to consolidate and harmonise, source, store and distribute Payments Data to other solutions, including. It also includes integrations supporting different End2End payment flows in our target payment architecture. You’ll engage with various stakeholders and should be an experienced, self-motivated and passionate analyst, that always seeking the best solution.","- Strong banking and payments domain knowledge
- Degree in computer science and engineering 

- Expert in SQL (Oracle, MSSQL or similar)
- Expert in data architecture, integration patterns & modelling principles
- Experience in one or more cloud platforms (AWS/Azure/Google)
- Hands on knowledge of Microservices, CI/CD, Clean Code and DDD.","- Strong banking and payments domain knowledge
- Degree in computer science and engineering 

- Expert in SQL (Oracle, MSSQL or similar)
- Expert in data architecture, integration patterns & modelling principles
- Experience in one or more cloud platforms (AWS/Azure/Google)
- Hands on knowledge of Microservices, CI/CD, Clean Code and DDD.",,,,English,,https://www.linkedin.com/jobs/search/?currentJobId=4012623475&distance=25&geoId=104514075&keywords=data%20analyst&origin=JOBS_HOME_KEYWORD_HISTORY&refresh=true,N/A,,English
20,"Data Analyst, Commercial/Marketing",Trustpilot,,Copenhagen,,,"Delivering proficient analytics and insights to different parts of the business, through both workstream-focused initiatives and ad-hoc inquiries
Picking the right solution for the problem you’ve got, from your arsenal of analytical tools and methods
Working closely with the Commercial/Marketing or Trust teams to understand their data and their goals to deliver awesome solutions
Presenting and promoting your work to the wider business, to enable data-inform choices","Good knowledge of key analytical and statistical methodologies, such as model-based analyses (regression, clustering etc.), cohort analysis and A/B testing. as well as reporting best practices, leveraging BI tools (such as Looker, Tableau etc.)
Knowledge of reporting best practices and experience delivering actionable insights leveraging BI tools (such as Looker, Tableau etc.)
Experience in stakeholder and project management, with the knowledge to deliver results back to the business
Proficiency in R or Python, and awesome SQL skills
Familiarity with Airflow, DBT or similar tools used for building data pipelines
Advanced written and verbal communication skills","Good knowledge of key analytical and statistical methodologies, such as model-based analyses (regression, clustering etc.), cohort analysis and A/B testing. as well as reporting best practices, leveraging BI tools (such as Looker, Tableau etc.)
Knowledge of reporting best practices and experience delivering actionable insights leveraging BI tools (such as Looker, Tableau etc.)
Experience in stakeholder and project management, with the knowledge to deliver results back to the business
Proficiency in R or Python, and awesome SQL skills
Familiarity with Airflow, DBT or similar tools used for building data pipelines
Advanced written and verbal communication skills",,,,English,,https://www.linkedin.com/jobs/search/?currentJobId=3989708601&distance=25&geoId=104514075&keywords=data%20analyst&origin=JOBS_HOME_KEYWORD_HISTORY&refresh=true,N/A,,English
21,Risk Bi/Data Analyst - Digital Assets (Eu Remote),Keyrock,,Copenhagen,,,"Using BI tools connected to Keyrock DBs and external resources to analyze our trading activities and draw actionable conclusions for our Risk Management function and Finance Department. 
Support and manage data requests from various business stakeholders – can understand business change needs and assess the impact of those changes
Managing and ensuring the proper reporting structure, internally or towards external clients if needed
Being able to generate knowledge from data (either internal or external) and present the outcome to internal and external stakeholders. ","3+ year experience; Bachelor’s degree and above in a quantitative or engineering field with professional work experience in a relevant field
Strong analytical thinking and communication skills
Experience with analysis tools such as SQL, Python, Matlab or R
Experience on DW/BI, good understanding of data warehousing and dimensional modeling
Solid experience with at least one data visualization tool (Tableau, Qlik, Grafana, PowerBI, etc.)
 Experience in working with cross-functional teams to gather requirements and ability to set work priorities
Good business sense and logical thinking. Ability to synthesize quantitative information and articulate concrete concepts to others. 
Experience with financial trading, risk and derivatives analysis will be beneficial","3+ year experience; Bachelor’s degree and above in a quantitative or engineering field with professional work experience in a relevant field
Strong analytical thinking and communication skills
Experience with analysis tools such as SQL, Python, Matlab or R
Experience on DW/BI, good understanding of data warehousing and dimensional modeling
Solid experience with at least one data visualization tool (Tableau, Qlik, Grafana, PowerBI, etc.)
 Experience in working with cross-functional teams to gather requirements and ability to set work priorities
Good business sense and logical thinking. Ability to synthesize quantitative information and articulate concrete concepts to others. 
Experience with financial trading, risk and derivatives analysis will be beneficial",,,,English,,https://jobs.ashbyhq.com/Keyrock/2507b8d3-ae95-419c-9425-25042ba00444/application?utm_source=7QLEQdJ2L6,N/A,,English
22,Senior Business Analyst Asset Management – Fee And Data Analytics,Danske Bank,Finance,Copenhagen,Full time,,"Collaborate with business areas to translate business needs into user stories, that can be understood by the team and developers.
Act as the technical sparring partner and provide domain knowledge for developers relating to change within IT applications and system functionality.
Analyse and improve business and technical processes.
Take a lead role in delivering change by planning and facilitating workshops, maintaining backlog and testing new solutions.
Optimize and oversee fee-related processes within the organization.
Improve Fee systems, and support decision-making through data-driven insights. Have the responsibility to develop and refine requirements to increase the quality and efficiency of technical solutions.","Relevant business analyst experience with a technical foundation within Asset Management
Experience with defining user stories and tasks for software developers
Solid analytical skills with the ability to collect, organize, analyse different information with attention to detail and accuracy without losing the overview
Good stakeholder management and communication skills including the ability to question when needed
Curiosity, enthusiasm for knowledge sharing, and continuous learning
Domain knowledge in fee processes, finance, and accounting is highly beneficial and will significantly contribute to the effectiveness of the role
You have great interpersonal skills and are good at explaining business or function’s needs to colleagues with a more technical background
Advanced English skills",Great interpersonal skills and are good at explaining business or function’s needs to colleagues with a more technical background,"Domain knowledge in fee processes, finance, and accounting",Senior,Relevant business analyst experience with a technical foundation within Asset Management,English,,https://ejqi.fa.em2.oraclecloud.com/hcmUI/CandidateExperience/en/sites/CX_1001/requisitions/preview/17544/?keyword=data&location=Denmark&locationId=300000000294904&locationLevel=country&mode=location,N/A,"
16/09/2024",English
23,Senior Strategy Analyst,Danske Comodities A/S,Energy,Aarhus,Full time,,"conduct market research for corporate-level strategy work and underpin strategic decision making with market intelligence
build strategic bridges to our parent company Equinor and identify commercial opportunities for shared value-creation
act as strategic advisor on various strategy topics, including must-win projects, commercial deep-dives and operating models
understand and evaluate business performance with the Finance team
strengthen the company’s external positioning with commercial and analytical insights","have 3-5 years of experience from a similar position, alternatively from management consulting or the financial sector
have great communication skills as we work with many different internal and external stakeholders
have industry experience, e.g. from energy trading or financial markets"," experience from a similar position, alternatively from management consulting or the financial sector
have great communication skills as we work with many different internal and external stakeholders",communication skills.  ,3-5 years of experience from a similar position,industry experience.,English,"a relevant master’s degree in Finance, Economics, Business or similar",https://www.jobindex.dk/c?t=h1496610&ctx=w&abtestid=3516054668--b44be08830a1579692643031ebe43f608ac46ff8,2024-08-30,20/09/2024,English
24,Business Analyst For Crm Analytics,Danske Bank,Finance,Copenhagen,Full time,,"Your primary role will be to set up and execute CRM campaigns for customers at Danske Bank DK. Besides that, you will be responsible for doing customer related analysis that is necessary to make sure we communicate to the right customers, with the right messages at the right time. You will be working with our marketing automation tool; SAS 360 and in SAS Enterprise Guide.","Experience with marketing automation platforms and setting up communication flows
Experience with SAS or SQL programming paired with a solid analytical and mathematical mindset
An educational background in a relevant field, preferably from a university
A drive to succeed but are not afraid of failing
Great English language skills ",SAS or SQL ," have been working with many stakeholders, reported to management and has been a driver of change.",,Experience with marketing automation platforms and setting up communication flows Experience with SAS or SQL programming,English,"An educational background in a relevant field,",https://ejqi.fa.em2.oraclecloud.com/hcmUI/CandidateExperience/en/sites/CX_1001/requisitions/preview/17632/?keyword=data&location=Denmark&locationId=300000000294904&locationLevel=country&mode=location,2024-08-26,08/09/2024,English
25,Bussiness Analyst,Verisure,Security,Glostrup,Full time,,"Build and structure data in SQL
Prepare and maintain reports in PowerBI
Define and develop measures
Analyze and translate data into commercial actions
Provide support and participate in various projects within the organization
Process optimization/automation





","data-driven and motivated by working with data and analyses.
You have a long or medium-length higher education (e.g., a master's degree in business administration or similar).
You have experience in preparing commercial analyses in Excel and maintaining and developing Power BI reports.
You are either newly graduated or have a couple of years of experience in a similar position.
Your approach is analytical, and you can communicate complex data in an understandable way.
It is a requirement for employment that you can provide a clean criminal record.





","SQL, Excel, PowerBI","It is crucial that you are proactive and thrive on optimizing processes, and you find it natural to challenge the business with alternative solutions. At the same time, you are structured and good at focusing on details.",either newly graduated or have a couple of years of experience in a similar position,experience in preparing commercial analyses in Excel and maintaining and developing Power BI reports,Danish,"have a long or medium-length higher education (e.g., a master's degree in business administration or similar).",https://www.jobindex.dk/c?t=h1495551&ctx=w&abtestid=3516054669--f774d13ee777aa3900d563da1123528248a34019,2024-08-28,,Danish
26,Business Analyst,Jack & Jones,Fashion,Brande,Full time,,"Creating action plans to reach targets and budgets.
Following up on targets and budgets.
Collaborating and supporting the countries to make sure daily, weekly and monthly business is running.
Preparation for meetings - online as well as in our international offices – ensuring that we present relevant data to support our stores in reaching their targets.
Prioritizing tasks to ensure the focus for the business.
Analyzing business data through existing tools   and delivering the data to the countries for even better performance.","Experience from a similar role, working with data analysis to support business decisions  
Degree in finance, economics or business
Excellent skills in Excel
Experience operating finance systems (we use SAP)
Fluent in English, both written and spoken – any German skills is considered a plus.","Excellent skills in Excel
Experience operating finance systems (we use SAP)","German skills is considered a plus, strong commercial sense",,Experience from a similar role. Experience operating finance systems (we use SAP),"English, German is a plus","Degree in finance, economics or business",https://www.jobindex.dk/c?t=h1495775&ctx=w&abtestid=3516054670--b8acf89988481601700f0afe363f3c60c6f2bc72,2024-08-28,25/09/2024,english
27,Business Intelligence Analyst,Novo Nordisk,Pharamceuticals,Gentofte,Full time,,"Maintain and optimise existing Tableau dashboards.
Structure and harmonise various types of data.
Develop data visualisations, convert data into insights.
Develop data collection tools.","A master’s degree in data analysis or related field.
1-3 year of work experience in data visualization as data/business analyst, business partnering position or similar.
Experience from previous projects on applying technology in innovative solutions to solve business challenges.
Knowledge about Tableau/Alteryx or/ and Microsoft Power BI.
Fluency in English. Danish is a plus.","data visualization, tableau/Alteryx or/ and Microsoft PowerBI.",,,1-3 year of work experience,"English, Danish is a plus",A master’s degree in data analysis or related field.,https://www.jobindex.dk/c?t=r12697580&ctx=w&abtestid=3516054679--9aa5a1054a3121ffec034caa90f6c460cd677d9d,2024-08-28,19/09/2024,english
28,It Data Engineer,Symphogyn,pharma,Ballerup,Fixed Term,,"Organize raw data in Azure Databricks
Build and design data pipelines
Maintaining datasets
Build algorithms and prototypes
Extracting, transforming and loading data from the various data sources
Integrating data transfers between internal and external systems and applications","Newly graduated with a relevant educational background or have few years of experience in e.g. Software development, Datamatiker.
Knowledge of programming.
Skills in data modelling, data querying, SQL","Knowledge of programming.
Skills in data modelling, data querying, SQL","Knowledge of programming in Python.
Cloud Services (Azure DevOps, Azure SaaS, etc.).",Junior,Newly graduated with a relevant educational background or have few years of experience,Danish and English,"relevant educational background or have few years of experience in e.g. Software development, Datamatiker",https://www.jobindex.dk/c?t=h1493338&ctx=w&abtestid=3516383228--ce50dbd3286b7cd99c924777c2e8afeae19f7310,2024-08-30,15/09/2024,english
29,Sales Operations Analyst,Teracloud,IT,Copenhagen,Full time,,"Responsible for data aggregation, calculation, and preparation of accurate quotations in conjunction with and support of the EMEA Sales organization
Develop and maintain partnerships with internal stakeholders across Finance, Fulfillment, and Sales Management to ensure activities and processes are aligned with organizational objectives
Assist with documentation of developing Go to Market policies to ensure all Go to Market teams are compliant and educated on best practices
Support Go to Market operational initiatives to maximize our EMEA Sales Team’s productivity and effectiveness
Learn our Sales Operations tech stack and educate our field teams on all systems, empowering them to optimize their day-to-day operations
Perform systems and data investigations and validations to ensure data quality
Assist in the development of reporting standards and support of ad hoc projects and reports requested by Sales Management and Corporate Leadership.
Share responsibility in sales trainings on new or improved business and sales processes","Experience using Microsoft Office Suite, specifically MS Excel
Experience using key sales tools such as CRM and ERP (we use HubSpot as our CRM and NetSuite as our ERP. CRM experience is required, and while HubSpot experience is strongly preferred, it is not required. ERP experience, NetSuite or otherwise is preferred but not required).
Self-motivation
Ability to multi-task and work in a dynamic environment
Excellent verbal and written communication skills
An analytical mindset, an inherent desire to learn, a deep sense of curiosity, and an understanding of why the little things matter
 ",CRM and ERP,"HubSpot experience is strongly preferred, it is not required. ERP experience, NetSuite or otherwise is preferred but not required).",Associate,"Two to four years of experience in Sales Operations, Customer Success or Inside Sales roles at enterprise software companies",English,Bachelor’s Degree,https://www.linkedin.com/jobs/view/3996441104/?refId=dbe83aef-584f-476f-90e8-cf4c794f4b34&trackingId=PegZxLewQ46DhN6zyr4XpA%3D%3D,N/A,,english
30,"Business Intelligence Analyst, Commercial & Sales",Kk Wind Solutions,Energy,Ikast,Full time,,"Contribute to initiatives that improve and implement data analysis capabilities.
Collaborate with your colleagues in the commercial organization to support scenario modeling and decision-making.
Further develop and improve data processes and templates to enhance efficiency and insight generation.
Implement automated solutions for data insights and scenario simulations.
Conduct market research and develop forecast models to monitor industry trends and performance.
Document data processes and contribute to the creation of training materials.","familiar with relational databases (e.g., DB2, MS SQL, Teradata, Oracle) and proficient in SQL and Python is a plus.
Possess strong organizational, communication, and problem-solving skills, with the ability to manage multiple tasks and build relationships in a dynamic environment.
Are self-driven and structured, comfortable with complexity and ambiguity.","MS SQL, Teradata, Oracle) and proficient in SQL",Python is a plus,Associate,1-5 years of experience,English,"bachelor's degree in data science, business analytics, or a related field; a master's degree is a plus.",https://kkwindsolutions-career.talent-soft.com/Pages/Offre/detailoffre.aspx?idOffre=399&idOrigine=4019&LCID=2057,N/A,15/09/2024,english
31,Portfolio Analyst,Vestas,Energy,Aarhus,Full time,,"Maintain an overview of cost and resource demand and capacity development
Review project change requests in collaboration with the financial controller
Prepare for and participate in meetings with stakeholders from R&D management areas
Participate in roadmap and budgeting processes
Coordinate the implementation of corrective actions, proactively analyze data tendencies and quality, perform ad hoc qualitative data collection, and suggest corrective actions
Maintain and develop reporting practices to support portfolio management
Be or become a SAP PPM and PowerBI super user able to assist stakeholders with the systems","SAP PPM and PowerBI super user.Minimum 1-3 years of experience in a similar position
Experience with portfolio management as a Project Analyst
Hands-on experience with stakeholder communication in an international environment
Experience working with projects - a Prince2 certification is beneficial
Knowledge of SAP PPM and Power Bl is not mandatory however experience with Bl is required.
Experienced user of MS Excel is required, ideally with Power Query","MS Excel is required, ideally with Power Query","SAP PPM, Power BI,Experience working with projects - a Prince2 certification is beneficial",Senior,"Minimum 1-3 years of experience in a similar position
Experience with portfolio management as a Project Analyst",English,"Bachelor's or master's degree in finance, controlling, business analytics or similar",https://careers.vestas.com/job/Aarhus-N-Portfolio-Analyst-Regi/1109808401/,2024-08-16,16/09/2024,english
32,Lead Engineer,Vestas,Energy,Aarhus,Full time,,"Develop and implement back-end infrastructure systems and processes
Coordinate the roll-out, information sharing, and embracement of the product within the company
To work on CMS development Projects based on the requirements. You will be responsible for industrialising the CMS product to the WTG platform needs.
Develop and improve data collection tools, data quality, methods, and processes, while establishing training materials and troubleshooting user guides for various stakeholders
Support Vestas value chain stakeholders & the CMS organization with data analysis, RCA and technical advice
Collect customer feedback, develop case stories, and maintain best practices through close engagement with CMS vendors while continuously steering product development requirements
Preferred expert understanding of the TCM CMS System (tcm.kkwindsolutions.com)","Knowledge of remote monitoring and diagnostics processes and how they work
Skilled in IT systems integration, ideally with experience in CMS systems, and knowledgeable in IT security, network architecture, and IoT systems
Proficient in scripting languages such as Python or similar, with solid working knowledge of database tools like MS-SQL
Possess solid statistical aptitude & data crunching ability, data mining ability
Knowledge of DMAIC Six Sigma Methodology","IT systems integration, ideally with experience in CMS systems,IT security, network architecture, and IoT systems,Python or similar,Knowledge of DMAIC Six Sigma Methodology",TCM CMS Systems is an advantage ,Senior,3+ years of relevant system Integration experience,english,Master's in IT Systems/IoT Systems/Electrical Engineering/Mechanical Engineering,https://careers.vestas.com/job/Aarhus-N-Lead-Engineer-Condition-Monitoring-Systems-Regi/1111363401//,2024-08-14,23/08/2023,english
33,Senior Cost Analyst,Maersk,Transportation & Logistics services,Copenhagen,Full time,,"Reporting of aircraft maintenance costs versus budget
Analysis of aircraft maintenance costs including KPIs
Liaise with the Technical Department to understand and analyse financial aspects of maintenance
Review balance sheet accruals/provisions and recommend adjustments to accruals
Analyze all Capex and related items, including depreciations
Maintenance cost break down, e.g. base and line and consumptions for both components and consumable
Work closely with the financial accountant and technical department on the financial reconciliation of the inventory of components and spare parts
C-check reporting per aircraft with detailed analysis
Monitoring of engines against plan, cycles and hours running, financial reporting on engines and all other time or cycle limited assets - enable a financial discussion on maintenance planning. Maintain accurate and up-to-date records of maintenance costs and provisions
Manage the balances of the lessor maintenance reserves. Submission and follow-up on maintenance reserve claims
Review of charters operated monthly and process adjustments between the business areas
Work closely with the Financial Business Partner (FBP) on cost follow-up in general and particularly on Maersk operation variable costs and capex including regularly updating the maintenance short/medium term forecast in conjunction with the technical team to be used in the group forecasting and budgeting processes
Provide insights and recommendations for cost optimization and efficiency improvements","Solid experience working in the aviation industry
Bachelor's or master-degree in Finance, Accounting, or related field
Proven experience as a Cost Analyst or similar role
Strong analytical skills and attention to detail
Familiarity with aircraft maintenance cost tracking and analysis
Knowledge of Capex, depreciations, and financial reporting
Excellent communication and interpersonal skills
Ability to work independently and collaboratively with cross-functional teams
Fluent in English","Capex, depreciations, and financial reporting",,Senior,experience working in the aviation industry.experience as a Cost Analyst or similar role,english,"Bachelor's or master-degree in Finance, Accounting, or related field",https://www.maersk.com/careers/vacancies/wd/Senior-Cost-Analyst_R112094/jt-senior-cost-analyst-maersk-air-cargo-aviation,2024-09-14,20/09/2024,english
34,Business Intelligence Specialist,Lenus,"Health,Wellness and coaching",Copenhagen,Full time,,"Identify and design solutions that improve business performance and operational efficiency.
Be responsible for the entire process from requirement identification till successful adoption of deliverables.
Collaborate with stakeholders across business functions (Finance, Marketing, Sales amongst others) to understand data requirements and identify process improvement opportunities.
Design functional and easily interpretable visualizations that drive decision making.
Conduct workshops to educate teams on how to incorporate data in their daily processes.
Work with a high level of autonomy.","You are familiar with Tableau or PowerBI - with some work experience in building the dashboards, preferably from a student position (up to 2 years of relevant experience from a full-time job position is also welcome).
You have a masters in business or a technical masters with some introductory business courses.
You are familiar with SQL to model large datasets.
You are the kind of person that is curious, proactive and a quick learner with solid business understanding.
You love visualizing complex datasets.
You have experience and/or willingness to work in a fast-paced agile environment.
You are motivated by professional challenges and intellectual sparring.","Tableau or PowerBI ,SQL",Tableau,Associate,"familiar with Tableau or PowerBI - with some work experience in building the dashboards, preferably from a student position (up to 2 years of relevant experience from a full-time job position is also welcome).",english, masters in business or a technical masters with some introductory business courses.,https://www.linkedin.com/jobs/view/4011435322/?alternateChannel=search&refId=TiqwH4GtGPybh%2Bak%2BOG89A%3D%3D&trackingId=KOS8BHK%2Ff%2F36a4exoo6lPA%3D%3D,2024-08-27,,english
36,Lean Consultant (Bi),Novo Nordisk,pharmaceutical,Bagsværd,Full time,,"Developing data visualisations and converting data into insights 
Conducting data analysis to support decision making 
Creating and maintaining our KPI-structure, site-VSM and other data-based systems 
Participate in complex problem solving and improvement initiatives by providing valuable data-based insights 
Engaging with relevant stakeholders to grasp business needs and devise value- adding solutions ","A solid Lean toolbox, including VSM, Visual Management, SPS, Continuous Improvements, etc. 
At least 2 years of work experience within Lean, data analysis and visualization 
Experience with Microsoft Power Platform, Tableau while experience with Alteryx is advanageous 
Excellent organization and communication skills 
Proficiency in both written and verbal English with understanding of Danish being advantageos ","VSM, Visual Management, SPS, Continuous Improvements.Microsoft Power Platform, Tableau ",Alteryx,Associate,"2 years of work experience within Lean, data analysis and visualization ","English, Danish is a plus", bachelor’s or master’s degree within a relevant field ,https://www.linkedin.com/jobs/view/4009413113/?alternateChannel=search&refId=WKuXKBmZNcXh%2FVqeAJKawA%3D%3D&trackingId=ovg8AKO9CLFprBdy4XLTPw%3D%3D,2024-08-27,15/09/2024,english
35,Business Intelligence Developer,Tp Aerospace ·,Aviation,Copenhagen,Full time,,"Maintain existing data models (SSAS and PowerBI Desktop)
Training the organization in using PowerBI reports and functionalities with regards to consuming existing apps/reports and PowerBI self-service (e.g. creation of new reports)
Optimize PowerBI solutions for performance and scalability
Collaborate with business stakeholders to understand their data needs and expand the PowerBI platform by creating new data models and reports
Ensure data accuracy and consistency across all reports and dashboards
Identify and introduce new (or currently un-utilized) PowerBI functionalities","Strong experience with the Microsoft Power BI suite, including Power BI services, Power BI Desktop and Microsoft Visual studio
Proficient in data modelling, DAX and Power Query M"," PowerBI suite, including PowerBI services, PowerBI Desktop and Microsoft Visual studio
,data modelling, DAX and Power Query M", DAX and Power Query M,Associate,2-5 years of relevant work experience from a similar role,english,,https://www.linkedin.com/jobs/search/?currentJobId=4010465931&distance=25&geoId=104514075&keywords=Data%20Analysis&origin=JOB_SEARCH_PAGE_KEYWORD_AUTOCOMPLETE&refresh=true#HYM,2024-08-29,25/09/2024,english
36,"Business Analyst, Recurring Revenue",3Shape,Computer Hardware Development,Copenhagen,Full time,,"Requirement Gathering & Analysis: Collaborate with stakeholders to gather, document, and evaluate business requirements for new features, enhancements, and integrations within and beyond our SaaS platform in close collaboration with core stakeholders across IT, Finance, Customer Success, Customer Care, Marketing and Sales
Process Improvement: Identify and recommend improvements to business processes that will enhance the efficiency and effectiveness of our SaaS offerings.
Data Analysis: Utilize data to identify trends, generate insights, and provide recommendations to support decision-making and product development.
User Stories & Documentation: Create detailed user stories, process flows, and other documentation to clearly communicate requirements to the development team.
Stakeholder Communication: Serve as a liaison between business stakeholders, product managers, and development teams to ensure alignment and clarity throughout the project lifecycle.
Reporting: Develop and maintain reports and dashboards that track OKRs, project progress, and other metrics to provide stakeholders with actionable insights.","Experience: 1-3 years of experience as a Business Analyst or similar role, with a commercial focus in the intersection of business and technology and within an agile development setup. Technical Skills: Proficiency in business analysis tools (e.g., JIRA, Confluence, PowerBI) and experience with data analysis and business process mapping Analytical Mindset: Good analytical and problem-solving skills with a keen attention to detail - Excel proficiency is a given Communication: Advanced written and verbal communication skills with the ability to translate complex concepts into clear, understandable PowerPoint slides and visuals Customer Focus: A deep understanding of customer needs and a commitment to delivering high quality user experiences. Collaboration: A structured, yet pragmatic mindset combined with effective stakeholder management and collaboration skills.","JIRA, Confluence, PowerBI, PowerPoint, Excel","JIRA, Power BI",,2 years on similar job,,,"Business Analyst, Recurring Revenue",2024-04-09,,English
37,Pricing Analyst,Pandora Jewelery,Beauty & Personal Accessories Stores,Copenhagen,Full time,,"Actively manage and optimize local list prices to support Pandora’s strategic and financial goals.
Share timely product margin outlooks with key stakeholders.
Deliver relevant, actionable insights through regular reporting.
Strengthen Pandora’s price testing, learning, and tracking approaches.
Continuously improve pricing insights, processes, and decision frameworks.","Bachelor’s or Master’s degree in Business, Economics, Mathematics, or a related field.
1-2 years of experience in pricing, finance, consulting, or a similar analytical role.
Proficient in Microsoft Office, particularly Excel, with strong modeling skills.
Experience with data analysis and visualization tools (e.g., Power BI).
Detail-oriented with a focus on driving results.
Passionate about pricing and revenue management, and eager to collaborate with others.
Fluent in English with excellent presentation and communication skills.
Team-player with the ability to engage and support colleagues, including remote teams.
Bonus Skills: Experience with Alteryx or similar ETL/analysis tools","Microsoft Office, PowerBI",Alteryx,,1-2 years,,"Bachelor’s or Master’s degree in Business, Economics, Mathematics, or a related field.",Pricing Analyst,2024-01-09,,English
38,Digital Analytics Engineer,Pandora Jewelery,Beauty & Personal Accessories Stores,Copenhagen,Full time,,"
 End-to-end testing, evaluation and quality assurance of Technical Implementation such as server-side APIs, tags and pixels running client-side. 
 Collaboration with other Web Analysts on analysing and quantifying the impact of extensive tagging on page speed and revenue. 
 Cooperation with other Web Analysts on detection of data pollutants and scoping clean-up measures of the data pollutants. 
 Collaboration with Digital Product Managers on optimising performance of the website features by correct tags placement. 
 Collaboration with the Privacy Managers on maintaining compliance in execution of data flows. 
 Cooperation with Digital Engineering teams on translating client-side data collection to server-side pipelines establishment for more secure and compliant customer data handling. 
 Cooperation with the Digital Data Collection Strategist on designing tracking on the new website features and scoping necessary TMS work. 
 Maintaining TMS documentation. 
 Staying on top of latest browser privacy topics and apply compliant fixes. 
 Work in an agile environment 
 Educating Core Tech and other Data teams on client- and server-side tagging. "," You have 3+ years of experience within managing Tag Management Systems in global organisation or media/marketing agency. 
 JavaScript 
 Tealium iQ or equivalent TMS Tealium Event Stream or equivalent server-side data management tool. 
 Experience with implementation of Paid Media, affiliate partners, customer data platform 
 Overall understanding of the implications of privacy by design ","Analytical Skills
Application Programming Interfaces (API)
Data Engineering
Data Science
Customer Data
End-to-end Testing
Extract, Transform, Load (ETL)
Paid Media Advertising
Quality Assurance
Server Side",,,3 and more,,,Digital Analytics Engineer,N/A,,English
39,Data Analyst,Thrive It Systems Ltd,IT,Copenhagen,Full time,,N/A,"Work as an IT analyst Designer , Data Modeler and Data Analyst
Minimum 10 years of experience
Strong in SQL
Understanding business requirements and converting them to IT requirements
Participating conducting meetings with business BA or framework SME to capture requirements
Performing data and object level analysis for identifying IT solution More
Ability to write SQL Queries back track data
Description of knowledge and experience
Previous experience of banking and financial regulatory framework data models would be a huge plus
Experience of data analysis and modelling
Hands on experience of advanced SQL for query execution
Experience of Scrum Agile methodologies
Ability to understand data warehouse architecture
Ability to understand business requirements and translate them into technical design for development
Ability to understand data models from both business and technical perspective Logic Physical Symantec Layer
Ability to understand technology and technical perspectives RDMS Teradata Snowflake
Understanding of regulatory frameworks such as FINREP COREP etc
Experience and knowledge of financial regulatory reporting and data attributes
Ability to communicate effectively with both business stakeholders and IT experts
Supporting testers in root cause analysis of incidents","SQL, Scrum Agile",Detailed description of work task to be carried out,Mid-Senior,10 years,,,Data Analyst,N/A,,English
40,Business Analyst,Gentoo Media,iGaming,Copenhagen,Full time,,"Collaborating with various departments to understand data needs and deliver actionable insights.
Creating and maintaining dashboards and reports using data visualization tools like Tableau and Metabase.
Conducting data analysis to identify trends, patterns, and opportunities for improvement.
Supporting senior analysts and managers with ad-hoc data requests and projects.","Preferably holds a Master’s Degree in a related field, showcasing a strong educational background.
At least 2 years of experience in a similar role.
Experience with data visualization tools such as Tableau, Superset or Metabase.
Strong analytical and problem-solving skills with the ability to extract valuable insights from complex datasets.
A genuine passion for understanding and presenting data and the story behind it.
Proven track record of taking a proactive approach to problem-solving and process improvement.
Ability to work effectively in a team, fostering a collaborative and supportive work environment.
Good communication skills enabling to translate complex information into actionable insights to various stakeholders.
Knowledge of SQL or other data querying languages is a plus.","SQL, Tableau, Superset, MetaBase","SQL, Tableau",Entry Level,2 years,,Master's degree in related Field,Business Analyst,N/A,,
41,Data Analyst,Starred.Com,Recruting,Copenhagen,Full time,,"Data Analysis and Visualization: Use SQL, Looker or other data visualisation tool
Methodology and Modeling: Develop and implement statistical models and quantitative methodologies to support data analysis and decision-making processes both internally at Starred and for our customers through our product
Dashboard Management: Oversee the creation, modification, and maintenance of dashboards, ensuring they provide high-level overviews as well as deep-dive insights into survey data.
Streamlined Deployment: Simplify the deployment process for custom dashboards, enabling quicker setup and onboarding for customers.
Technical Support: Be on the front line answering technical requests, supporting, and educating our customers alongside our Product Specialists and Customer Success Managers.","Technical Expertise: Proficient in SQL, with experience in Looker or similar data visualisation tools. We would also expect experience with Python, R or other relevant coding languages
Analytical Skills: Strong background in statistics and quantitative methodology.
Problem-Solving Ability: Excellent analytical and problem-solving skills with great attention to detail and autonomy.
Communication Skills: Fluent in English (written and spoken).","SQL, Python","Experience working in a SaaS company or in a similar technical product management role.
Ability to write and modify LookML code.
Experience in HR or recruitment.",,,English,,Data Analyst,2024-01-09,,
42,Web Analyst,Tui,Tourism,Copenhagen,Full time,,"Deliver business driven outcomes from data 
Design and develop actionable dashboards
Monitor web performance metrics on daily level for deviations
Regular sales campaign follow ups and reporting
Set up appropriate KPI’s to evaluate performance
Be an active advocate of a data-driven culture","A few years of web analytics experience
Study in E-commerce, web analytics, business performance or equivalent
Good knowledge in Google Analytics or Adobe Analytics or similar digital measurement tool
Proficiency in data visualization e.g. Looker studio, Tableau
If you have experience working with CRO and A/B tests, it’s a plus
A willingness to learn and stay ahead within web analytics.","Google Analytics, Adobe Analytics, Looker Studio, Tableau","CRO, A/B tests",,few years,,,Web Analyst,2024-01-09,,English
43,Bi & Analytics Specialist,Formalize,IT,Aarhus,Full time,,"
Project Leadership:

Lead data projects, ensuring they are delivered on time, within scope, and meet business objectives
Collaborate with cross-functional teams, including development, marketing, and sales, to integrate data solutions seamlessly into business processes

Technical Development:

Design, build, and maintain scalable data pipelines and models
Optimize and refine models to improve their performance and accuracy
Integrate various marketing platforms and tools via APIs to create seamless workflows 

Communication & Collaboration:

Communicate complex data concepts and results to non-technical stakeholders clearly and concisely
Collaborate with key stakeholders to understand their needs and how data and insights can provide value
Advocate for a data-driven culture within the organization

Business Acumen

Analyze and interpret complex data to provide actionable insights that drive business growth and operational efficiency
Understanding of the SaaS (or similar) business model
Develop and maintain data models, dashboards, and performance metrics that support strategic decision-making","Proficiency in programming and query languages such as SQL
Proficiency in programming basic Javascript
Minimum of 2 years of experience in data/analytics or a related field
Proven track record of delivering successful data projects
Familiarity with data warehousing: BigQuery preferred
Familiarity with data visualization tools (Looker Studio, Power BI, Tableau etc. applicable)
Strong data integrity, accuracy, and security by implementing robust data governance and management practices
Knowledge of Google Ads, Google Analytics, Google Tag Manager and HubSpot","SQL, JavaScript, Looker/Studio/PowerBI/Tableau, Google Ads, Google Tag Manager, HubSpot",BigQuery,,2 years,,,BI & Analytics Specialist,N/A,,
44,Commercial Data Analyst,Flying Tiger Copenhagen,Internet Retail,Denmark/ home,,,"Data Analysis & Insights: Dive deep into large datasets to perform statistical analysis, basket analysis, and other data-driven studies to support and inform our pricing and trade strategies. Tool Development: Collaborate in the creation and refinement of reporting and pricing tools, ensuring that new tools are effectively communicated and implemented across teams. Reporting: Develop and manage comprehensive reports and dynamic dashboards that deliver actionable insights to key stakeholders. Stakeholder Collaboration: Work closely with pricing and trade departments to seamlessly integrate data insights into decision-making processes. Pricing Optimization: Support the development and implementation of pricing strategies, providing insights into product, pricing, and KPIs to guide future business directions and mitigate margin leakage","Educational Background: A master’s degree in Economics, Statistics, Mathematics, Data Science, or a related field.  Experience: 2-3 years of experience in a data-centric analytical role, ideally within pricing or retail.
Technical Skills: Proficiency in tools such as Power BI, SQL, Power Query, VBA, Python, or similar, is essential to be able to manipulate large datasets and develop sophisticated analytical models.
Statistical Analysis Expertise: Strong experience in statistical analysis and working with large datasets is crucial.
Analytical Mindset: A strong aptitude for analytical thinking and problem-solving, coupled with a structured approach to tasks.
Business Acumen: An understanding of business principles and a preference for data-driven decision-making.
Communication Skills: Excellent written and verbal communication skills are required to be able to present complex data in a clear and compelling way to various stakeholders.
Attention to Detail: High attention to detail is necessary to ensure accuracy and reliability in your analyses and reporting.
Language Proficiency: Fluency in English, both written and spoken, is a must for effective communication across our global teams.","Educational Background: A master’s degree in Economics, Statistics, Mathematics, Data Science, or a related field.  Experience: 2-3 years of experience in a data-centric analytical role, ideally within pricing or retail.
Technical Skills: Proficiency in tools such as PowerBI, SQL, Power Query, VBA, Python, or similar, is essential to be able to manipulate large datasets and develop sophisticated analytical models.
Statistical Analysis Expertise: Strong experience in statistical analysis and working with large datasets is crucial.
Analytical Mindset: A strong aptitude for analytical thinking and problem-solving, coupled with a structured approach to tasks.
Business Acumen: An understanding of business principles and a preference for data-driven decision-making.
Communication Skills: Excellent written and verbal communication skills are required to be able to present complex data in a clear and compelling way to various stakeholders.
Attention to Detail: High attention to detail is necessary to ensure accuracy and reliability in your analyses and reporting.
Language Proficiency: Fluency in English, both written and spoken, is a must for effective communication across our global teams.",,,,,,,N/A,,
